ticker,px
A,84.82
AA,15.92
AAL,28.3
AAN,56.93
AAOI,11.58
AAON,54.36
AAP,134.37
AAPL,325.21
AAT,46.75
AAWW,24.65
AAXJ,72.45
AAXN,83.53
AB,34.36
ABB,24.74
ABBV,87.18
ABC,92.48
ABCB,41.69
ABDC,8.9
ABEO,2.64
ABEV,3.89
ABG,94.14
ABM,39.52
ABMD,196.01
ABR,15.18
ABT,89.47
ABTX,38.72
ABUS,3.2
ACA,45.73
ACAD,41.94
ACB,2
ACC,46.17
ACCO,9.21
ACGL,46.14
ACH,7.42
ACHC,33.58
ACHN,6.76
ACIA,68.8
ACIW,35.14
ACLS,27.99
ACM,47.7
ACN,214.16
ACOR,2.09
ACRS,1.36
ACRX,1.72
ACTG,2.55
ACWI,80.91
ACWV,98.8
ACWX,49.02
ADAP,4.15
ADBE,367.46
ADC,76.56
ADI,115.79
ADM,45.98
ADMA,4
ADMP,0.6901
ADMS,5.55
ADNT,27.93
ADP,180.26
ADPT,31.47
ADRO,2.53
ADS,106.5
ADSK,206
ADSW,32.91
ADT,6.55
ADTN,9.61
ADUS,99.18
ADVM,10.95
AEE,83.17
AEG,4.28
AEGN,21.22
AEIS,73.15
AEL,29.15
AEM,59.6
AEO,14.68
AEP,102.25
AER,58.72
AERI,21.18
AES,20.58
AEZS,1.12
AFG,112.05
AFH,0.4585
AFI,3.49
AFL,52.74
AFMD,2.75
AFTY,16.04
AFYA,28.01
AG,9.9
AGCO,69.09
AGEN,3.55
AGFS,2.31
AGG,113.89
AGI,6.25
AGIO,48.37
AGLE,8.19
AGM,73.28
AGN,192.88
AGO,46.86
AGQ,31.14
AGR,52.91
AGRO,7.68
AGRX,3.69
AGS,9.98
AGTC,5.71
AGX,44.27
AGYS,36.2
AHC,2.86
AHH,18.65
AHT,2.58
AI,5.78
AIA,65.75
AIG,53.41
AIMC,36
AIMT,29.47
AIN,73.65
AINV,17.12
AIR,44.32
AIRG,8.89
AIT,67.21
AIV,53.49
AIZ,136.29
AJG,105.12
AJRD,53.77
AKAM,96.95
AKBA,8.45
AKCA,17.83
AKR,25.45
AKRO,26.92
AKRX,1.72
AKS,3.04
AKTS,7.45
AL,44.47
ALB,86.95
ALBO,23.45
ALC,61.51
ALDX,5.53
ALE,82.79
ALEC,34.47
ALEX,21.74
ALFA,60.99
ALG,128.65
ALGN,266.76
ALGT,167.78
ALK,64.02
ALKS,19.13
ALL,123.89
ALLE,132.41
ALLK,70.43
ALLO,23.77
ALLT,12.69
ALLY,32.63
ALNY,121.96
ALRM,44.5
ALSN,45.07
ALT,1.79
ALTR,39.35
ALV,76.93
ALXN,104.04
AM,4.96
AMAG,9.18
AMAT,63.19
AMBA,63.3
AMBC,21.84
AMC,6.75
AMCR,11.01
AMCX,37.99
AMD,49.32
AME,98.68
AMED,188.85
AMG,83.23
AMGN,231.45
AMH,27.73
AMJ,20.74
AMKR,11.44
AMLP,8.07
AMN,70.35
AMNB,36.08
AMOT,45.41
AMP,175.91
AMPE,0.7007
AMPH,19.95
AMPY,5.6
AMRC,20.35
AMRN,18.51
AMRS,3.15
AMRX,4.87
AMSC,7.32
AMSF,68.56
AMSWA,15.39
AMT,237.81
AMTD,49.84
AMWD,115.31
AMX,16.87
AMZA,4.08
AMZN,2050.23
AN,43.46
ANAB,14.94
ANAT,109.52
ANDE,24.41
ANET,232.52
ANF,16.99
ANGI,8.07
ANGO,14.03
ANH,3.66
ANIK,42.34
ANIP,67.14
ANSS,285.88
ANTE,1.03
ANTM,282.33
AOBC,10.27
AON,229.6
AOS,43.3
AOSL,10.85
AP,2.82
APA,28.94
APAM,36.2
APD,251.06
APEI,24.31
APH,103.96
APHA,4.39
APLS,43.5
APO,47.05
APOG,33.03
APPF,137.1
APPN,53.24
APPS,6.08
APRN,4.2
APT,5.52
APTO,7.17
APTS,11.79
APTV,88.24
APY,26.94
APYX,7.55
AQMS,0.775
AQUA,24.4
AR,1.83
ARA,8.83
ARAV,9.96
ARAY,3.59
ARC,1.3
ARCB,23.2
ARCC,19.12
ARCH,57.47
ARCO,7.67
ARCT,11.29
ARD,19.75
ARDX,7.29
ARE,167.84
ARES,38.94
ARGT,25.98
ARGX,155.5
ARKK,56.17
ARKW,67.08
ARLO,4.01
ARLP,8.96
ARMK,41.39
ARNA,50.27
ARNC,31.4
AROC,8.3
AROW,35.24
ARQL,20
ARR,19.79
ARTNA,37.39
ARVN,54.5
ARW,79.42
ARWR,41.1
ASA,13.69
ASB,20.57
ASC,5.7
ASFI,10.29
ASH,78.52
ASHR,27.48
ASHS,26.89
ASIX,19.3
ASMB,19.65
ASML,309.55
ASNA,4.36
ASND,142.55
ASPS,19.38
ASR,198.86
ASRT,1.04
ASTE,45.23
ASUR,8.4
ASYS,5.53
AT,2.37
ATAX,7.95
ATEC,6.73
ATEN,7.16
ATEX,48.06
ATGE,35.73
ATH,45.77
ATHM,82.21
ATHX,1.36
ATI,19.62
ATKR,41.41
ATLC,15.84
ATNI,58.64
ATNX,15.23
ATO,117.66
ATOS,1.5
ATR,117.53
ATRA,14.47
ATRC,39.27
ATRS,3.8
ATSG,22.26
ATUS,28.25
ATVI,60.26
AU,19.36
AUB,35.28
AUDC,22.69
AUPH,19.83
AUTO,2.16
AUY,3.96
AVA,51.29
AVAV,69.47
AVB,219.13
AVD,19.1
AVDL,7.11
AVEO,0.5505
AVGO,319.69
AVH,4.9
AVID,8.5
AVLR,88.64
AVNS,29.74
AVP,5.6
AVT,37.14
AVTR,19.24
AVX,20.49
AVXL,4.15
AVY,138.89
AVYA,12.69
AWI,102.73
AWK,135
AWR,89.83
AWRE,3.47
AX,28.8
AXDX,17.01
AXE,98.12
AXGN,13.93
AXGT,4.36
AXL,9.85
AXNX,30.06
AXP,133.25
AXS,65.31
AXSM,91
AXTA,29.73
AXTI,4.11
AXU,1.73
AY,29.06
AYI,120.56
AYR,32.19
AYX,136.24
AZN,50.03
AZO,1062.31
AZPN,127.92
AZUL,41.32
AZZ,42.5
B,66.32
BA,341.43
BABA,220.9
BAC,34.67
BAH,78.36
BAK,14.92
BAL,40.46
BAM,64.22
BANC,16.71
BAND,70.81
BANR,55.38
BAP,203.01
BATRA,29.5
BATRK,29.4
BAX,93.3
BB,6.13
BBAR,4.82
BBBY,15.62
BBD,7.78
BBDC,10.41
BBH,141.12
BBI,1.6
BBIO,35.4
BBL,44.5
BBSI,85.79
BBU,44.55
BBVA,5.56
BBW,4.52
BBY,88.64
BC,62.44
BCBP,13.21
BCC,38.17
BCE,48.31
BCEI,19.2
BCI,21.06
BCLI,4.05
BCO,80.72
BCOR,23.56
BCOV,9.08
BCPC,113.32
BCRX,2.97
BCS,9.08
BCSF,19.87
BDC,53
BDGE,31.56
BDN,15.95
BDSI,5.25
BDX,252.25
BE,9.58
BEAT,53.43
BECN,34.99
BELFB,17.82
BEN,26.08
BERY,43.2
BEST,5.51
BFAM,169.08
BFOR,42.84
BG,53.64
BGCP,5.48
BGFV,3.56
BGG,3.49
BGNE,164.51
BGS,14.45
BHC,28.92
BHE,30.43
BHF,42.26
BHLB,28.99
BHP,52.53
BHR,8.21
BHVN,54.05
BIB,63.14
BIDU,133.16
BIG,27.97
BIIB,337.24
BIL,91.47
BILI,26.34
BIO,374.24
BIOS,4.18
BIP,54.82
BIS,12.87
BITA,15.17
BIV,88.6
BJ,21.47
BJK,41.31
BJRI,42.66
BK,47.54
BKCC,4.98
BKD,6.82
BKE,26.37
BKEP,1.16
BKF,44.94
BKH,84.23
BKI,68.18
BKLN,22.6
BKNG,1960.9
BKR,22.23
BKU,33.56
BL,61.66
BLCM,10.28
BLCN,26.89
BLD,115.55
BLDP,10.97
BLDR,25.11
BLFS,13.87
BLK,554.67
BLKB,78.54
BLL,78
BLMN,20.88
BLNK,2.68
BLOK,19.45
BLUE,89.99
BLV,104.18
BLX,20.7
BMA,32.46
BMCH,30.67
BMI,64.76
BMO,77.05
BMRN,88.87
BMTC,38.47
BMY,67.1
BND,84.94
BNDX,57.37
BNED,3.59
BNFT,18.51
BNO,17.71
BNS,55.66
BOCH,11.23
BOH,90.95
BOIL,6.21
BOKF,80.95
BOLD,59.97
BOND,109.28
BOOM,40.7
BOOT,36.46
BOTZ,22.54
BOX,15.76
BP,36.88
BPFH,11.64
BPMC,61.81
BPMP,14.39
BPOP,57.23
BPR,18.64
BPT,7.2
BPY,18.62
BR,119.73
BRBR,22.85
BRC,56.5
BREW,16.21
BRF,26.59
BRFS,7.41
BRG,11.94
BRKL,15.73
BRKR,50.61
BRKS,40.55
BRO,46.74
BRX,20.95
BRY,7.21
BRZU,30.62
BSAC,20.87
BSBR,9.69
BSET,11.6
BSGM,4.53
BSM,9.63
BSMX,7.75
BSQR,1.39
BSRR,27.64
BSV,80.96
BSX,43.01
BTE,1.11
BTG,4.24
BTI,45.06
BTN,3.37
BTU,8.95
BUD,76.57
BURL,231.45
BUSE,25.94
BV,16.1
BVN,12.82
BW,4.75
BWA,33.76
BWX,28.54
BWXT,65.54
BX,64.21
BXC,12.8
BXMT,39.07
BXP,144.38
BXS,29.24
BYD,32.79
BYND,111.89
BZH,13.28
BZQ,20.68
BZUN,33.29
C,78.97
CAAS,2.58
CAC,47.74
CACC,448.72
CACI,274.33
CADE,16.26
CAE,30.18
CAF,20.57
CAG,32.09
CAH,58.26
CAI,28.59
CAJ,26.95
CAKE,40.41
CAL,18.33
CALA,6.6
CALM,36.74
CALX,9.21
CAMP,9.9
CAMT,12.07
CANE,7.37
CAPL,18.8
CAR,34.56
CARA,17.29
CARG,34.36
CARS,13.31
CASA,3.85
CASH,38.4
CASS,54.07
CASY,163.39
CAT,137.25
CATB,5.47
CATM,45.66
CATO,15.64
CATS,17.93
CATY,37.47
CB,163.22
CBAY,1.58
CBB,12.87
CBD,19.74
CBIO,7.52
CBL,0.85
CBMG,16.41
CBOE,127.93
CBPO,116.95
CBPX,36.99
CBRE,63.88
CBRL,158.49
CBSH,70.25
CBT,42.34
CBU,68.6
CBZ,27.79
CC,14.66
CCC,21.38
CCEP,53.73
CCI,150.5
CCJ,8.65
CCK,79.6
CCL,43.78
CCLP,2.02
CCMP,160.56
CCNE,29.73
CCO,2.74
CCOI,74.73
CCRN,9.8
CCS,31.84
CCXI,47.8
CDAY,65.88
CDE,6.27
CDEV,3.12
CDK,53.54
CDLX,92.97
CDMO,6.4
CDNA,25.42
CDNS,74.54
CDR,2.76
CDTX,2.97
CDW,134.64
CDXC,4.19
CDXS,16.36
CDZI,9.15
CE,109.46
CECE,7.84
CEIX,9.72
CEL,3.96
CELH,5.75
CEMI,4.06
CENT,31.23
CENTA,29.2
CENX,5.86
CEO,159.72
CEQP,27.41
CERC,4.27
CERN,78.95
CERS,4.94
CETV,4.51
CEVA,29.07
CEW,18.3
CF,42.25
CFA,57.68
CFFN,13.16
CFG,38.72
CFR,92.67
CFX,37.37
CG,32.45
CGBD,14.22
CGC,21.17
CGEN,8.84
CGNX,54.57
CHAD,29.28
CHAP,0.9894
CHAU,20.72
CHCO,79.21
CHD,73.96
CHDN,153.53
CHE,487.5
CHEF,39.03
CHGG,42.85
CHH,103.27
CHIC,25.66
CHIQ,18.37
CHIX,15.02
CHK,0.5431
CHKP,117.53
CHL,43.1
CHMA,4.86
CHNG,16.69
CHRS,19.44
CHRW,73.58
CHS,4.16
CHT,35.95
CHTR,526.56
CHU,8.77
CHUY,25.06
CHWY,27.71
CI,211.86
CIA,6.67
CIB,55.49
CIBR,32.25
CIEN,43.48
CIG,3.65
CIM,21.37
CINF,112.84
CIO,13.85
CIR,43.94
CISN,9.99
CIT,47.75
CIVB,22.22
CKH,39.9
CL,76.31
CLAR,13.36
CLB,36.58
CLBK,17.26
CLBS,2.84
CLCT,28.22
CLDR,10.76
CLDT,17.21
CLDX,2.38
CLF,7.71
CLFD,12.35
CLGX,48.12
CLH,85.54
CLI,21.77
CLLS,17.1
CLMT,4.18
CLNE,2.41
CLNY,4.77
CLR,27.34
CLS,8.76
CLSD,3.13
CLSN,1.4
CLUB,1.91
CLVS,10.1
CLW,27.95
CLX,165.07
CM,82.78
CMA,63.27
CMC,21.47
CMCM,3.43
CMCO,37.77
CMCSA,44.6
CMD,61.8
CME,212.63
CMG,857
CMI,165.95
CMO,8.32
CMP,59.42
CMPR,115.96
CMRE,7.77
CMRX,1.77
CMS,67.32
CMTL,30.32
CNA,47.02
CNAT,0.4325
CNC,64.35
CNCE,11.54
CNDT,4.82
CNET,1.24
CNHI,10.02
CNI,96
CNK,31.65
CNMD,103.76
CNNE,40.31
CNO,18.76
CNOB,24.2
CNP,26.86
CNQ,29.15
CNR,8.8
CNS,74.87
CNSL,5.13
CNST,33.72
CNTY,8.5
CNX,7.57
CNXM,14.26
CNXN,41.22
CNXT,30.57
CNYA,28.87
CO,4.95
CODI,23.31
COF,103.52
COG,14.77
COHR,155.03
COHU,24.33
COLB,40.07
COLD,34.9
COLL,20.3
COLM,94.21
COMM,12.42
CONE,61.52
CONN,9.56
COO,353.02
COOP,13.18
COP,58.41
COR,112.41
CORE,23.99
CORN,14.35
CORR,46.29
CORT,13.76
CORV,0.3241
COST,310.61
COT,15.67
COTY,12.09
COUP,158.55
COW,41.54
COWN,16.57
CP,271.28
CPA,104.42
CPB,48.16
CPE,3.07
CPF,28.8
CPG,3.28
CPK,97.85
CPL,17.36
CPLG,9.84
CPLP,12.35
CPRI,31.34
CPRT,102.95
CPRX,4.5
CPS,26.65
CPSI,26.91
CPSS,3.61
CPT,113
CPTA,8.91
CQP,37.32
CR,88.93
CRAI,52.61
CRBP,6.86
CRC,7.12
CRCM,14.99
CREE,50.42
CRESY,4.97
CRH,38.89
CRI,108.59
CRIS,1.52
CRK,5.98
CRL,159.07
CRM,186.73
CRMD,6.63
CRMT,111.94
CRNC,21.66
CRNT,2.12
CROC,60.98
CRON,7.01
CROP,31.84
CROX,39.17
CRS,43.8
CRSP,54.33
CRTO,15.64
CRUS,78.49
CRVL,85.86
CRVS,5.22
CRWD,62.19
CRWS,6.27
CRY,30.25
CS,13.09
CSCO,48.69
CSD,49.58
CSFL,24.53
CSGP,666.52
CSGS,50.9
CSII,41.86
CSIQ,21.85
CSL,160.95
CSLT,1.29
CSOD,59.57
CSTE,13.36
CSTM,13.08
CSU,3
CSV,24.55
CSWC,20.51
CSX,78.32
CTAS,293.65
CTB,27.88
CTBI,44.54
CTG,5.99
CTIC,1.31
CTL,14.5
CTLT,58.98
CTMX,7.43
CTRA,6.86
CTRC,2.1
CTRE,22.67
CTRN,24.31
CTS,30.13
CTSH,71.42
CTSO,5.42
CTST,0.995
CTT,10.65
CTVA,31.59
CTXS,122.23
CUB,64.97
CUBE,31.55
CUBI,22.53
CUK,41.62
CULP,12.57
CURE,77.2
CURO,13.06
CUTR,28.68
CUZ,41.29
CVA,15.39
CVBF,21.7
CVCO,229.6
CVCY,19.52
CVE,9.15
CVEO,1.43
CVET,13.24
CVGI,5.2
CVGW,75.7
CVI,33.64
CVIA,2.11
CVLT,49.63
CVM,14.12
CVNA,91.06
CVS,70.84
CVTI,12.99
CVX,109.49
CVY,22.72
CW,148.27
CWB,58.53
CWCO,17.4
CWEB,31.26
CWEN,21.62
CWH,15.75
CWI,25.74
CWK,19.55
CWST,50.69
CWT,54.02
CX,4.19
CXDC,1.71
CXO,80.46
CXP,21.66
CXW,16.84
CY,23.38
CYB,25.11
CYBR,139.48
CYD,12.93
CYH,4.69
CYOU,10.68
CYRX,18.82
CYTK,14.1
CZR,14.03
CZZ,22.46
D,85.27
DAC,5.83
DAKT,5.94
DAL,58.18
DAN,16.41
DAR,28.32
DB,10.37
DBA,15.77
DBB,14.28
DBC,14.61
DBD,11.92
DBE,12.58
DBEF,34.54
DBEU,31.8
DBI,15.35
DBJP,43.77
DBO,9.01
DBP,42.57
DBS,25.45
DBV,24.08
DBVT,9.69
DBX,18.26
DCI,53.95
DCO,41.01
DCOM,19.69
DCP,22.2
DCPH,67.5
DD,53.81
DDD,12.08
DDG,27.09
DDM,58.8
DDOG,46.05
DDS,64.29
DE,168.86
DEA,24.8
DEAC,13.61
DECK,192.05
DEI,42.44
DELL,52.85
DEM,43.46
DENN,21.5
DEO,165.57
DERM,18.85
DES,27.67
DESP,14.39
DFE,63.43
DFEN,69.67
DFIN,9.29
DFJ,72.04
DFS,76.35
DG,155.47
DGICA,14.55
DGII,14.38
DGL,46.53
DGLY,1.19
DGRO,42.93
DGRW,49.4
DGS,45.46
DGX,111.69
DHC,7.79
DHI,60.6
DHR,163.98
DHT,5.66
DHX,3.06
DIA,293.74
DIG,20.66
DIN,89.69
DIOD,51.42
DIS,142.7
DISCA,30.05
DISCK,28.54
DISH,36.9
DJP,20.97
DK,27.88
DKL,31.01
DKS,45.92
DL,9.18
DLB,71.77
DLN,107.47
DLNG,2.05
DLPH,15
DLR,124.02
DLS,69.01
DLTH,8.71
DLTR,87.94
DLX,48.6
DMLP,16.88
DMRC,33.98
DNKN,75.03
DNLI,25.45
DNOW,10.46
DNR,1.04
DO,4.52
DOC,19.85
DOCU,81.44
DOG,47.87
DOMO,24.69
DON,38.16
DOOR,78.29
DORM,73.76
DOV,118.23
DOW,49.2
DOX,74.7
DOYU,8.28
DPK,9.72
DPLO,3.99
DPZ,279.41
DQ,62.74
DRD,5.98
DRE,36.75
DRH,10.26
DRI,121.5
DRIP,93.23
DRN,31.87
DRNA,20.11
DRQ,43.84
DRRX,1.63
DRV,23.77
DS,3.56
DSKE,3.67
DSL,20.93
DSPG,15.35
DSX,2.71
DT,31.94
DTE,134.21
DTEA,1.45
DTIL,8.69
DTN,92.1
DUG,46.56
DUK,96.93
DUST,6.02
DVA,83.07
DVAX,5.26
DVN,23.13
DVY,106.16
DWAS,57.86
DWSN,2.3
DWX,40.43
DXC,34.63
DXCM,239
DXD,21.16
DXJ,54.46
DXJS,42.34
DXLG,1.07
DXPE,35.27
DXYN,1.34
DY,42.84
DYAI,6.15
E,28.44
EA,110
EAF,10.22
EAT,42.7
EB,21.68
EBAY,38
EBF,21.49
EBIX,37.3
EBND,27.63
EBS,62.02
EBSB,18.07
EC,18.83
ECH,32.09
ECHO,21.65
ECL,207.11
ECNS,39.87
ECOL,53.97
ECOM,9.83
ECON,23.71
ECPG,35.99
ED,93.47
EDAP,3.81
EDC,82.65
EDIT,28.05
EDIV,30.77
EDU,133.96
EDZ,34.78
EE,68.2
EEB,38.91
EEFT,161.06
EEM,43.97
EEMV,56.82
EET,76.7
EEV,36.27
EEX,10.84
EFA,69.62
EFAV,75.66
EFC,18.52
EFG,88.22
EFSC,45.86
EFU,19.99
EFV,49.17
EFX,155.97
EFZ,24.19
EGAN,7.41
EGBN,44.81
EGHT,20.24
EGLE,3.21
EGO,6.78
EGOV,20.51
EGP,137.66
EGRX,58.31
EGY,2.2
EHC,79.79
EHTH,115.98
EIDO,24.88
EIDX,55.19
EIG,44.15
EIGI,5.27
EIGR,12.11
EIX,76.29
EL,211.53
ELAN,31.68
ELD,35.47
ELF,18.93
ELGX,1.05
ELOX,4.11
ELP,17.38
ELS,73.05
ELY,21.13
EMB,115.72
EME,85.83
EMKR,3.17
EMLC,33.57
EMLP,25.85
EMN,73.91
EMR,75.25
ENB,42.11
ENBL,9.37
ENDP,6.21
ENIA,9.94
ENIC,4.92
ENLC,5.09
ENPH,38.39
ENR,51.75
ENS,71.7
ENSG,52.16
ENT,0.43
ENTA,55.62
ENTG,56.38
ENV,81.51
ENVA,21.01
ENZ,2.52
ENZL,56.55
EOG,75.87
EOLS,10.11
EPAC,24.12
EPAM,234.78
EPAY,50.48
EPC,31.7
EPD,25.76
EPI,24.86
EPM,5.25
EPOL,20.49
EPP,46.2
EPR,71.38
EPRT,28.63
EPU,35
EPV,25.88
EPZM,21.78
EQC,32.68
EQH,25.69
EQIX,603.73
EQM,22.28
EQNR,17.9
EQR,83.87
EQT,5.44
ERA,10.52
ERF,5.19
ERI,63.61
ERIC,8.32
ERIE,164.72
ERII,10.73
ERJ,17.36
EROS,2.96
ERUS,42.2
ERX,12.73
ERY,51.69
ES,90.87
ESCA,9.13
ESE,103.68
ESI,12.27
ESNT,52
ESPR,57.98
ESRT,13.69
ESS,314.74
ESTC,69.06
ET,12.71
ETFC,43.63
ETH,14.58
ETM,4.52
ETN,102.48
ETR,131.41
ETRN,9.58
ETSY,49.48
EUFN,19.31
EUM,17.33
EUO,28.09
EURL,33.42
EURN,9.71
EV,49.14
EVA,38.44
EVBG,93.11
EVC,2.06
EVER,39.61
EVFM,4.9
EVH,10.81
EVIX,3.15
EVOP,29.05
EVR,81.64
EVRG,71.32
EVRI,13.11
EVTC,34.86
EW,236.64
EWA,22.88
EWBC,48.06
EWC,30.37
EWD,33.47
EWG,29.52
EWH,23.84
EWI,30.13
EWJ,60.05
EWK,20.11
EWL,41.78
EWM,27.18
EWN,34.23
EWO,20.2
EWP,28.99
EWQ,32.42
EWS,23.23
EWT,40.06
EWU,33.01
EWV,23.25
EWW,46.52
EWX,44.81
EWY,61.66
EWZ,44.17
EXAS,94.95
EXC,48.26
EXEL,18.63
EXK,2.08
EXLS,74.17
EXP,87.57
EXPD,74.03
EXPE,111.75
EXPO,73.94
EXPR,4.54
EXR,110.02
EXTN,5.32
EXTR,6.08
EYE,34.48
EYPT,1.95
EZA,46.37
EZJ,39.02
EZPW,5.03
EZU,41.99
F,8.25
FAF,61.71
FANG,76.23
FANH,22.76
FARO,56.21
FAS,101.97
FAST,37.9
FATE,26.47
FAZ,25.36
FB,210.85
FBC,35.9
FBHS,71.54
FBIZ,25.72
FBM,17.82
FBNC,37.1
FBP,9.34
FBT,151.29
FC,33.01
FCA,24.88
FCAU,13.68
FCBC,30.11
FCEL,1.69
FCF,14.01
FCFS,85.52
FCG,9.75
FCN,122.15
FCPT,30.9
FCX,12.32
FDIS,50.41
FDL,31.66
FDN,150.17
FDP,32.39
FDS,289.92
FDUS,14.96
FDX,148.63
FE,51.25
FELE,60.91
FEM,25.79
FENC,6.6
FENG,1.93
FENY,14.36
FEP,37.51
FET,1.13
FEX,66.42
FEYE,15.71
FEZ,40.6
FF,11.79
FFBC,25.18
FFG,58.39
FFIC,20.94
FFIN,34.73
FFIV,123.6
FFNW,15.11
FFTY,36.36
FG,12.15
FGEN,45.59
FHB,30.32
FHLC,50.79
FHN,16.63
FI,3.74
FIBK,39.43
FICO,413.72
FIDU,43.37
FII,36.23
FINV,2.04
FIS,147.34
FISI,30.57
FISV,121.67
FIT,6.64
FITB,29.66
FIVE,116.11
FIVN,73.98
FIW,62.84
FIX,49.11
FIXX,17.47
FIZZ,43.53
FL,41.46
FLDM,3.82
FLEX,13.56
FLIC,23.24
FLIR,53.96
FLNT,2.69
FLO,21.86
FLOW,46.37
FLR,18.85
FLS,48.94
FLT,328.85
FLWS,15.53
FLXN,17.73
FLY,18.28
FM,30.44
FMAT,33.86
FMBI,21.07
FMC,107.92
FMNB,16.19
FMS,40.17
FMX,94.3
FN,65.72
FNB,12
FNCL,44.87
FND,50.28
FNDA,39.88
FNDE,28.41
FNDF,28.56
FNDX,43.22
FNF,49.04
FNGS,63.96
FNHC,15.61
FNJN,1.86
FNKO,9.29
FNV,114.16
FOCS,29
FOE,14.79
FOLD,10.71
FOMX,4.54
FOR,20.5
FORM,26
FORR,43.57
FOSL,6.79
FOX,36.5
FOXA,37.11
FOXF,68.48
FPI,6.61
FPRX,5.08
FR,43.59
FRAK,9.87
FRAN,7.93
FRBK,3.26
FRC,116.22
FRGI,10.62
FRI,26.86
FRME,41.66
FRO,8.11
FRPT,66.65
FRT,128.66
FRTA,13.57
FSB,37.98
FSCT,33.28
FSLR,52.65
FSLY,21.71
FSM,3.82
FSP,7.92
FSS,32.75
FSTR,18.68
FTAG,22.9
FTAI,19.84
FTC,76.7
FTCH,12.41
FTDR,43.03
FTEC,79.15
FTEK,0.8676
FTI,17.49
FTK,1.87
FTNT,121.33
FTR,0.56
FTRI,12.35
FTS,43.15
FTSI,0.6607
FTSV,43.33
FTV,77.83
FUL,48.94
FULT,17.03
FUN,54.6
FV,33
FVD,36.7
FVRR,25.4
FWONA,44.93
FWONK,47.4
FWRD,67.56
FXA,67.27
FXB,125.29
FXC,74.22
FXD,44.96
FXE,103.95
FXF,94.44
FXG,48.43
FXH,86.58
FXI,41.63
FXL,76.07
FXN,9
FXO,34.14
FXP,58.05
FXR,45.58
FXS,95.45
FXU,29.93
FXY,86.33
FXZ,38.61
G,44.94
GABC,34.94
GALT,2.6
GARS,6.24
GASL,4.96
GASS,2.9
GASX,72.61
GATX,77.85
GBCI,44.23
GBDC,18.39
GBT,71.61
GBX,25.36
GCAP,3.57
GCI,6.47
GCO,40.86
GCP,23.93
GD,186.13
GDDY,68.86
GDEN,19.6
GDI,37.02
GDOT,35.15
GDS,57.19
GDX,28.4
GDXJ,40.95
GE,12.95
GEF,42.46
GEL,18.17
GEM,33.81
GEO,16.88
GEOS,12.85
GERN,1.33
GES,22.02
GFF,19.62
GFI,6.53
GFN,10.11
GGAL,14.8
GGB,4.98
GGG,55.32
GH,79.16
GHL,21.3
GHM,18.27
GHYB,49.74
GIB,78.19
GIFI,4.81
GIGM,2.42
GIII,28.62
GIL,28.74
GILD,68.21
GILT,9.58
GIS,51.71
GKOS,62.21
GL,108.08
GLAD,10.26
GLD,147.4
GLDD,10.85
GLIBA,74.91
GLL,50.16
GLMD,5.81
GLNG,10.05
GLOB,125
GLOG,5.98
GLOP,5.24
GLP,20.21
GLPG,248.56
GLPI,47.94
GLRE,9.67
GLT,17.87
GLUU,8.1
GLW,28.17
GLYC,4.33
GM,34.33
GMAB,24.3
GME,4.14
GMED,54.2
GMF,102.08
GMLP,5.64
GMRE,14.95
GMS,26.95
GNC,2.18
GNCA,2.2
GNE,7.62
GNK,8.05
GNL,21.02
GNMK,5.29
GNR,43.77
GNRC,102.92
GNSS,3.74
GNTX,29.75
GNW,3.85
GO,31.23
GOEX,25.72
GOGL,4.49
GOGO,5.28
GOL,16.63
GOLD,18.35
GOLF,31.34
GOOD,21.68
GOOG,1476.23
GOOGL,1475.97
GOOS,33.3
GORO,5.38
GOSS,14.62
GPC,96.15
GPI,93.33
GPK,16.14
GPN,201.67
GPOR,1.44
GPRE,13.2
GPRK,19
GPRO,3.96
GPS,18.49
GPX,14.41
GRA,62.19
GRBK,11.9
GRC,38.04
GREK,9.41
GRFS,23.53
GRMN,97.85
GROW,1.32
GRPN,3.13
GRUB,54.62
GS,241.82
GSAT,0.49
GSB,10.38
GSBC,57.95
GSEW,52.09
GSG,14.46
GSHD,51.89
GSIE,30.32
GSIT,7.77
GSK,44.14
GSKY,9.17
GSL,7.53
GSLC,67.3
GSM,0.8913
GSS,2.97
GSUM,1.17
GSX,39.24
GTE,0.94
GTES,13.24
GTHX,21.08
GTIM,1.48
GTLS,66.18
GTN,21.97
GTS,17.64
GTT,13.13
GTX,8.95
GTY,32.12
GUNR,31.91
GURU,36.93
GUSH,19.65
GV,3.55
GVA,27.03
GVI,113.72
GVIP,67.73
GWB,30.63
GWPH,118.24
GWRE,117.37
GWW,309.98
GWX,30.91
GXC,101.23
GXG,9.61
GYLD,15.53
H,88.97
HA,28.78
HABT,13.92
HACK,44.14
HAE,120.82
HAFC,17.95
HAIN,27.37
HAL,22.26
HALL,17.96
HALO,19.84
HAO,24.41
HAS,102.49
HASI,35.76
HAYN,28.9
HBAN,13.97
HBI,14.42
HBIO,2.97
HBM,3.24
HBNC,17.57
HBP,1.39
HCA,149.26
HCAT,31.9
HCC,21.12
HCCI,29.3
HCFT,3.27
HCHC,3.34
HCI,46.25
HCKT,15.73
HCR,0.74
HCSG,26.69
HD,238.84
HDB,59.58
HDGE,5.16
HDS,42.22
HDSN,0.75
HDV,96.31
HE,48.2
HEAR,8
HEDJ,71.23
HEES,29.07
HEFA,31.25
HEI,126.09
HELE,195.77
HEP,22.53
HES,57.03
HESM,22.52
HEWG,29.83
HEWJ,33.87
HEXO,1.32
HEZU,32.6
HFC,43.44
HFWA,27.14
HGV,31.8
HHC,123.55
HI,28.72
HIBB,24.97
HIG,59.62
HII,268.18
HIIQ,26.22
HIL,3.27
HIMX,4.66
HIW,51.97
HL,3.43
HLF,41.35
HLI,56.13
HLIO,44.96
HLIT,6.92
HLNE,67.44
HLT,112.7
HLX,8.62
HMC,26.55
HMHC,6.44
HMI,13.79
HMN,45.66
HMST,31.9
HMSY,28.31
HMTV,13.71
HMY,3.11
HNGR,25.04
HNI,38.22
HNP,18.77
HNRG,1.78
HOFT,24.26
HOG,34.5
HOLI,15.3
HOLX,53.95
HOMB,19.79
HOME,6.26
HON,176.35
HOPE,14.27
HP,43.8
HPE,14.92
HPP,37.25
HPQ,21.84
HPR,1.14
HQY,72.91
HR,36.51
HRB,23.22
HRC,108.91
HRI,43.15
HRL,46.89
HROW,6.86
HRTG,12.39
HRTX,22.26
HRZN,13.29
HSBC,37.1
HSC,15.26
HSIC,70.97
HSII,28.37
HST,17
HSTM,26.87
HSY,154.34
HT,14.02
HTA,32.06
HTBI,27.41
HTBK,11.84
HTGC,14.93
HTGM,0.58
HTH,23.08
HTHT,34.03
HTLD,19.48
HTLF,50.24
HTZ,16.94
HUBB,147.34
HUBG,55.38
HUBS,179.24
HUD,11.21
HUM,359.15
HUN,21.52
HURN,65.1
HUYA,19.06
HVT,20.51
HWC,41.03
HWCC,4.15
HWKN,42.37
HXL,74.74
HY,56.23
HYD,65.11
HYG,88.1
HYGH,89.29
HYLB,50.45
HYLD,33.75
HYRE,3.18
HYS,99.66
HYXU,50.99
HZN,3.44
HZNP,35.29
HZO,20.02
I,3.74
IAA,47.88
IAC,244.45
IAG,2.92
IAI,71.61
IART,58
IAT,49.04
IAU,14.97
IBB,122.47
IBCP,22.22
IBKC,75.67
IBKR,51.73
IBM,156.76
IBN,15.04
IBOC,40.81
IBP,76.46
IBTX,56.1
ICAD,8.81
ICD,0.6675
ICE,90.11
ICF,120.49
ICFI,87.6
ICHR,34.48
ICLK,3.55
ICLR,171.27
ICMB,7.22
ICON,1.42
ICPT,98.18
ICUI,214.48
IDA,110.53
IDCC,56.87
IDEX,0.6018
IDN,8.93
IDNA,29.6
IDRA,1.67
IDT,7.88
IDU,171.79
IDV,33.63
IDXX,280.67
IEF,112.72
IEFA,65.35
IEI,127.09
IEMG,52.73
IEO,48.71
IEP,64.95
IEUR,49.69
IEV,46.85
IEX,171.19
IEZ,17.27
IFF,142.21
IFN,20.61
IGC,0.6226
IGE,28.1
IGF,49.28
IGLB,68.57
IGM,262.95
IGN,54.51
IGOV,49.86
IGT,14.42
IGV,257.21
IHAK,28.67
IHDG,37.42
IHE,164.41
IHF,203.26
IHI,273.66
IHRT,18.14
IIIN,22.46
IIIV,35.6
IIN,18.16
IIPR,95.22
IIVI,35.61
IJH,206.71
IJJ,169.18
IJK,242.05
IJR,83.6
IJS,156.14
IJT,197.38
ILF,32.01
ILMN,301.23
ILPT,23.47
IMAX,17.99
IMGN,4.8
IMH,5.24
IMKTA,41.66
IMMR,7.49
IMMU,19.34
IMO,23.87
IMOS,20.14
IMUX,8.87
INAP,1.03
INCY,75.81
INDA,35.43
INDB,74.76
INDL,69.1
INDY,38.39
INFI,1.37
INFN,7.84
INFO,80.85
INFY,10.96
ING,11.48
INGN,48.2
INGR,89.69
INN,11.71
INNT,0.834
INO,3.37
INOV,20.66
INSG,7.51
INSM,33.25
INSP,76.16
INST,47.86
INSW,22.36
INT,38.77
INTC,67.09
INTF,26.92
INTL,49.88
INTU,294.21
INVA,14.64
INVE,5.1
INVH,31.56
INWK,4.4
INXN,87.99
IO,4.46
IONS,61.28
IOO,56.14
IOSP,103.83
IOVA,23.64
IP,44.25
IPAR,70.63
IPAY,53.6
IPG,23.21
IPGP,141.45
IPHI,83.58
IPHS,31.99
IPI,2.26
IPO,33.76
IQ,24.8
IQDF,24.1
IQV,160.53
IR,142.41
IRBO,28.3
IRBT,57.82
IRDM,28.44
IRET,78.2
IRM,31.93
IRT,15.1
IRTC,89.8
IRWD,12.51
ISBC,12.29
ISEE,7.11
ISRA,37
ISRG,581.55
IT,154.29
ITA,237.63
ITB,48.83
ITCI,21.59
ITGR,86.37
ITI,5.68
ITM,50.96
ITOT,75.28
ITRI,82.96
ITRN,25.11
ITT,70.49
ITUB,7.77
ITW,186.07
IUSG,71.81
IUSV,63.33
IVAC,6.57
IVC,7.71
IVE,130.93
IVR,17.68
IVV,335.57
IVW,206.17
IVZ,18.2
IWB,185.26
IWC,98.1
IWD,137.77
IWF,187.53
IWM,166.93
IWN,126
IWO,221.38
IWP,158.77
IWR,60.96
IWS,95.67
IWV,195.3
IXC,28.38
IXJ,70.64
IXN,227.88
IXP,63.59
IXUS,61.65
IYE,28.92
IYF,141.17
IYG,154.36
IYH,219.73
IYJ,173.26
IYM,95.53
IYR,96.21
IYT,195.16
IYW,255.23
IYZ,30.15
J,96.02
JACK,84.27
JAG,8.23
JAX,10.36
JAZZ,146.05
JBGS,40.99
JBHT,112.03
JBL,39.98
JBLU,20.08
JBSS,79.16
JBT,119.34
JCI,39.92
JCOM,98.63
JCP,0.7258
JD,40.38
JDST,10.3
JE,1.6
JEF,23.19
JELD,24.49
JETS,31.16
JHG,26.94
JILL,1.18
JJC,40.34
JJG,44.47
JJSF,168.57
JKHY,164.2
JKS,22.25
JLL,173.01
JMEI,16.41
JMIA,5.47
JNCE,6.42
JNJ,153.53
JNK,109.76
JNPR,23.12
JNUG,73.37
JO,31.8
JOBS,82.04
JOE,22.73
JP,1.41
JPEM,55.17
JPIN,56.85
JPM,137.61
JPNL,65.82
JPUS,80.63
JRJC,6.22
JUST,48.18
JWN,39.79
JYNT,17.3
K,63.46
KAI,112
KALA,6.87
KALU,107.31
KAMN,64.92
KAR,21.52
KB,37.55
KBA,30.83
KBAL,17.77
KBE,45.92
KBH,37.57
KBR,29.7
KBWB,56.33
KCE,62.93
KDMN,4.73
KDP,28.56
KE,16.25
KELYA,17.61
KEM,26.28
KEP,10.83
KEX,73.64
KEY,19.61
KEYS,96.49
KFRC,34.6
KFY,41.91
KGC,5.09
KHC,29.06
KIDS,48.53
KIE,36.88
KIM,19.67
KIN,9.55
KIRK,1.28
KKR,33.69
KL,37.31
KLAC,171.74
KLIC,26.89
KLXE,3.85
KMB,144.53
KMI,21.33
KMPH,0.356
KMPR,80.18
KMT,30.68
KMX,96.97
KN,16.15
KNDI,4.11
KNL,25.97
KNOP,18.96
KNSL,120.37
KNX,38.16
KO,58.99
KOD,69.35
KODK,3.43
KOF,63.79
KOL,8.73
KOLD,50.45
KOP,33.26
KOS,5.44
KPTI,17.22
KR,28.05
KRA,17.53
KRC,84.65
KRE,56.34
KRG,17.84
KRNT,43.98
KRNY,12.1
KRO,11.27
KRP,14.01
KRTX,95.18
KSA,29.37
KSS,44.95
KSU,171.99
KT,10.58
KTB,40.58
KTCC,5.9
KTOS,19.63
KURA,11.96
KVHI,10.86
KW,22.42
KWEB,51.68
KWR,178.98
KYN,13.27
L,53.31
LABD,11.63
LABU,57.99
LAD,140.34
LADR,18.63
LAKE,12.45
LAMR,94.5
LANC,155.31
LAND,13.53
LASR,20.31
LAUR,20.12
LAZ,43.87
LB,23.98
LBAI,16.72
LBJ,18.53
LBRDA,133.25
LBRDK,134.83
LBRT,7.8
LBTYA,21.05
LBTYK,19.96
LBY,1.3
LC,12.3
LCI,8.65
LCII,112.1
LCNB,17.02
LCTX,1.31
LCUT,6.99
LDL,21.8
LDOS,109.96
LE,11.95
LEA,121.96
LEAF,3.19
LECO,93.38
LEE,1.95
LEG,46.41
LEJU,1.87
LEMB,43.73
LEN,68.15
LEVI,19.79
LFC,12.51
LFUS,187.76
LFVN,15.69
LGIH,87.7
LGND,92.48
LH,183.88
LHCG,154.92
LHX,225.98
LII,238.58
LILA,17.31
LILAK,17.36
LIN,216.75
LINC,2.35
LIT,31.16
LITE,88.34
LIVN,72.5
LJPC,8.09
LK,35.3
LKFN,47.85
LKQ,33.22
LL,7.8
LLEX,0.2281
LLNW,5.05
LLY,147.3
LM,39.87
LMAT,36.39
LMNR,20.89
LMNX,24.26
LMRK,17.24
LMT,438.97
LN,48.77
LNC,59.37
LNDC,11.62
LNG,57.65
LNN,107.19
LNT,58.53
LNTH,17.69
LOB,18.03
LOCO,14.14
LODE,0.6925
LOGI,45.8
LOGM,85.52
LOMA,7.22
LONE,1.7
LOOP,10.07
LOPE,81.27
LORL,34.32
LOVE,10.95
LOW,121.51
LPCN,0.4499
LPG,12.5
LPI,1.78
LPL,7.09
LPLA,94
LPSN,43.58
LPT,61.95
LPX,31.75
LQD,130.19
LQDH,95.52
LQDT,4.93
LRCX,323.52
LRGF,35.4
LRN,16.66
LSCC,18.73
LSTR,113.86
LSXMA,48.8
LTC,47.39
LTHM,10.5
LTM,9.2
LTPZ,75.35
LTRPA,6.52
LULU,243.78
LUV,57.72
LVGO,25.56
LVS,69.47
LW,93.17
LX,13.37
LXFR,16.78
LXP,11.15
LXRX,3.25
LXU,3.15
LYB,83.38
LYFT,47.42
LYG,2.93
LYTS,6.88
LYV,72.25
LZB,31.43
M,16.95
MA,329.3
MAA,140.35
MAC,24.92
MACK,3.13
MAG,10.61
MAGA,28.77
MAGS,3.89
MAIN,43.8
MAN,94.09
MANH,78.42
MANT,83.2
MANU,19.22
MAR,146.22
MARA,1.11
MARK,0.542
MAS,49.53
MASI,175.4
MAT,14.31
MATW,35.25
MATX,36.69
MAXR,16.3
MBB,108.57
MBI,9.34
MBIO,3.88
MBT,10.54
MBUU,48.07
MBWM,33.7
MC,39.95
MCBC,10.64
MCC,2.1
MCD,212.87
MCF,3.85
MCFT,19.16
MCHI,63.61
MCHP,108.48
MCHX,3.73
MCK,158.32
MCO,268.01
MCRB,3.68
MCRI,53.45
MCS,29.97
MCY,49.09
MD,25.58
MDB,163.61
MDC,44.5
MDCA,2.32
MDCO,84.9
MDGL,88.16
MDIV,18.44
MDLA,28.08
MDLZ,58.42
MDP,34.9
MDR,0.7032
MDRX,9.12
MDT,121.3
MDU,31.51
MDY,376.94
MED,101.83
MEDP,94.98
MEET,5.98
MEI,33.92
MEIP,2.55
MELI,671
MEOH,34.45
MERC,10.81
MESA,8.25
MESO,10
MET,51.87
MEXX,12.4
MFA,7.85
MFC,20.16
MFG,3
MFGP,9.87
MFIN,6.81
MG,10.78
MGA,51.64
MGC,116.55
MGEE,80.19
MGI,2.47
MGIC,10.98
MGK,157.31
MGLN,74.77
MGM,32.48
MGNX,9.71
MGP,33.38
MGPI,34.05
MGRC,80.77
MGTA,12.5
MGTX,19.78
MGV,87.76
MGY,10.29
MHK,130.5
MHO,43.24
MIC,44.81
MIDD,112.37
MIDU,49.46
MIDZ,40.4
MIK,5.25
MIME,52.98
MIND,2.8
MINI,43.02
MITK,9.2
MITT,16.27
MIXT,14.33
MJ,16.43
MKC,162.12
MKL,1297.77
MKSI,113.72
MKTX,345.67
MLCO,21.16
MLHR,41.32
MLI,33.44
MLM,274.18
MLND,7.4
MLNTQ,0.331
MLNX,120.23
MLPA,7.48
MLPI,18.06
MLPX,11.81
MLR,34.79
MMC,116.45
MMI,36.68
MMLP,2.53
MMM,162.89
MMP,59.45
MMS,74.17
MMSI,39.97
MMYT,24.33
MN,1.91
MNK,5.2
MNKD,1.53
MNOV,5.66
MNR,15.33
MNRO,60.07
MNST,69.45
MNTA,31.1
MNTX,5.63
MO,46.66
MOAT,56.23
MOBL,5.02
MOD,8.33
MODN,31.24
MOH,128.03
MOMO,32.65
MOO,67.29
MORN,158.83
MOS,20.87
MOV,16.75
MPAA,21.51
MPC,55.46
MPLX,23.36
MPW,22.91
MPWR,181.86
MPX,14.8
MR,3.83
MRC,11.22
MRCC,10.99
MRCY,82.2
MRK,85.68
MRKR,2.81
MRLN,20.11
MRNA,19.88
MRNS,2.14
MRO,11.92
MRTN,22
MRTX,93
MRVL,25.75
MS,55.01
MSA,140.71
MSB,20.47
MSCI,296.9
MSEX,67.97
MSFT,183.63
MSG,297.99
MSGN,16.41
MSI,178.93
MSM,71.64
MSON,17.3
MSTR,152.24
MT,17.47
MTB,171.14
MTCH,79.51
MTD,778.52
MTDR,14.31
MTEM,16.44
MTG,14.37
MTH,72.8
MTL,3.08
MTN,237.99
MTOR,24.76
MTRN,57.95
MTRX,12.85
MTSC,43.9
MTSI,30.45
MTUM,133.71
MTW,16.52
MTX,57.1
MTZ,57.38
MU,58.68
MUB,115.27
MUFG,5.28
MUNI,55.74
MUR,22.35
MUSA,105.33
MUX,1.23
MVC,9.57
MVIS,0.6256
MVO,5.37
MWA,12.12
MX,14.88
MXI,66.16
MXIM,64.08
MXL,18.21
MYE,16.88
MYGN,29.29
MYL,22.85
MYOK,70.32
MYOV,12.99
MYRG,28.97
MYY,39.59
MZZ,13.86
NAIL,89.53
NAK,0.4338
NANR,31.9
NAT,3.31
NATI,45.99
NAV,37.18
NAVB,1.06
NAVI,14.1
NBEV,1.99
NBHC,33.5
NBIX,102.9
NBL,20.73
NBLX,22.24
NBR,2.18
NBRV,1.35
NBTB,39.07
NCLH,55.1
NCMI,7.73
NCR,34.12
NCTY,0.962
NDAQ,115.85
NDLS,7.95
NDSN,177.61
NE,0.8186
NEE,268.33
NEM,44.39
NEO,31.4
NEOG,69.76
NEOS,1.6
NEP,57.76
NEPT,2.26
NERD,16.48
NERV,8.72
NET,17.77
NEU,431.71
NEW,7.81
NEWR,64.35
NEWT,21.74
NEX,5.19
NFBK,16.19
NFG,43.22
NFLX,366.95
NG,9.06
NGD,0.8599
NGG,66.3
NGHC,22.38
NGL,9.95
NGS,10.46
NGVC,9.24
NGVT,65.12
NH,2.04
NHC,85.47
NHI,85.88
NHTC,3.56
NI,29.85
NIB,33.42
NICE,174.62
NINE,4.96
NIO,4.08
NJR,42.32
NK,6.42
NKE,100.27
NKTR,22.81
NL,3.49
NLNK,1.75
NLOK,17.61
NLS,3.18
NLSN,21.2
NLTX,13.64
NLY,9.98
NM,3.53
NMFC,14.2
NMIH,33.53
NMM,11.93
NMR,5.08
NMRK,12.26
NNBR,8.95
NNI,58.12
NNN,56.79
NOA,10.6
NOAH,37.59
NOBL,75.86
NOC,363.75
NOG,1.68
NOK,4.2
NOMD,19.99
NOV,21.89
NOVT,97.06
NOW,341.7
NP,71.84
NPO,59.84
NPTN,7.61
NR,5.16
NRG,37.83
NRP,19.89
NRT,4.85
NRZ,17.48
NS,28.12
NSA,35.2
NSC,212.68
NSIT,66.23
NSP,89.19
NSSC,23.11
NSTG,29.49
NTAP,58.15
NTCT,27.79
NTEC,0.2679
NTES,346.88
NTGN,1.59
NTGR,24.79
NTLA,14.14
NTNX,35.5
NTP,8.6
NTR,44.16
NTRA,37.33
NTRP,1.24
NTRS,102.65
NTUS,33.73
NTWK,3.85
NUAN,22.02
NUE,49.05
NUGT,30.91
NUS,35.98
NUVA,76.97
NVAX,6.84
NVCR,87.47
NVDA,254.25
NVEE,62.21
NVGS,11.95
NVMI,40.46
NVO,64.67
NVRO,137.67
NVS,96.96
NVST,29.55
NVT,26.8
NVTA,22.16
NWBI,15.63
NWE,77.53
NWL,20.22
NWN,74.19
NWPX,32.83
NWS,14.74
NWSA,14.47
NX,18.61
NXGN,14.28
NXPI,135.34
NXRT,49.06
NXST,126.04
NXTC,44.72
NYCB,11.29
NYMT,6.36
NYMX,3.21
NYT,38.55
O,79.15
OAS,2.42
OBE,0.6768
OBLN,1.78
OC,62.7
OCFC,23.55
OCN,1.07
OCSI,8.32
OCSL,5.48
OCUL,4.83
OCX,2.67
ODFL,217.85
ODP,2.43
OEC,16.36
OEF,150.6
OESX,5.18
OFC,30.3
OFG,20.3
OFIX,44.21
OGE,46.01
OGI,2.35
OGS,95.3
OHI,42.55
OI,14.23
OIH,11.25
OII,13.75
OIL,10.51
OILD,17.07
OILU,12.4
OIS,11.21
OKE,75.85
OKTA,130.09
OLED,182.48
OLLI,52.16
OLN,16.3
OLP,27.83
OMC,76.59
OMCL,87.33
OMER,12.86
OMEX,4.03
OMF,43.62
OMI,6.39
OMN,10.11
OMP,15.72
ON,20.91
ONB,18.26
ONDK,4.13
ONTO,41.47
ONVO,0.3275
OOMA,13.68
OPB,27.43
OPI,34.21
OPK,1.52
OPRX,10.72
OPY,27.88
OR,9.68
ORA,85.49
ORAN,13.98
ORBC,3.97
ORCL,54.71
ORI,23.1
ORLY,398.13
ORMP,5.11
ORN,4.73
OSBC,12.58
OSG,1.76
OSIS,90
OSK,90.33
OSPN,17.11
OSTK,8.41
OSUR,6.84
OSW,15.4
OTEX,47.26
OTIC,3.22
OTTR,54.41
OUNZ,15.31
OUSA,37.27
OUT,30.7
OVV,16.92
OXFD,14.99
OXM,72.04
OXY,42.12
OZK,27.99
PAA,16.6
PAAS,22.79
PACB,4.82
PACW,36.16
PAG,50.12
PAGP,16.93
PAGS,33.29
PAHC,27.53
PAM,13.82
PANW,246.07
PAR,32
PARR,19.63
PATK,55.35
PAYC,290.71
PAYS,8.92
PAYX,88.45
PB,72.87
PBA,39.17
PBCT,16.11
PBF,26.42
PBFX,20.95
PBH,44.99
PBI,4.04
PBPB,4.97
PBR,14.63
PBT,3.81
PBW,39.02
PBYI,13.51
PCAR,77.59
PCG,16.84
PCH,41.06
PCOM,16.93
PCRX,46.71
PCSB,20.03
PCTI,8.77
PCTY,136.29
PCYG,5.01
PCYO,13.26
PD,22.89
PDBC,15.19
PDCE,22.99
PDCO,23.28
PDD,36.38
PDFS,16.7
PDLI,3.49
PDM,24.1
PDP,67.8
PDS,1.24
PE,17.39
PEAK,36.32
PEB,25.18
PEBO,33.22
PEG,58.33
PEGA,89.12
PEGI,26.93
PEI,3.96
PEIX,0.5558
PEK,37.24
PEN,180.56
PENN,34.9
PEO,15.21
PEP,144.33
PERI,7.97
PESI,7.2
PETQ,31.31
PETS,26.69
PEY,19.04
PEZ,55.37
PFBC,62.11
PFE,38.26
PFF,38.15
PFG,56.12
PFGC,52.25
PFM,31.47
PFMT,1.09
PFNX,12.51
PFPT,126.07
PFS,23.27
PFSI,35.71
PFSW,4.55
PG,127.14
PGC,30.99
PGJ,43.53
PGNX,4.61
PGNY,29.9
PGR,83.06
PGRE,14.35
PGTI,16.18
PH,209.85
PHDG,28.79
PHG,48.4
PHM,45.49
PHO,40.39
PHX,7.14
PI,33.47
PICK,28.19
PICO,10.57
PID,17.06
PIE,18.82
PII,92.41
PIN,19.91
PINC,31.34
PING,24.6
PINS,23.01
PIPR,85.69
PIR,3.71
PIRS,3.86
PIZ,29.69
PJP,66.34
PJT,50.97
PK,23.53
PKE,16.13
PKG,104.33
PKI,95.6
PKOH,30.8
PKW,69.56
PKX,46.66
PLAB,13.43
PLAN,59.72
PLAY,46.04
PLCE,66.41
PLD,93.11
PLMR,53.61
PLNT,82.34
PLOW,53.39
PLSE,13.65
PLT,15.02
PLUG,4.25
PLUS,88
PLX,3.54
PLXS,71.55
PLYA,7.11
PM,86.18
PMT,23.51
PNC,152.85
PNFP,60.96
PNM,54.68
PNNT,6.49
PNQI,152.73
PNR,44.35
PNTG,27.73
PNW,97.99
PODD,198.41
POL,32.69
POOL,225.8
POR,60.51
POST,105.35
POTX,14.14
POWI,105.48
POWL,39.13
PPA,73.23
PPBI,30.41
PPG,124.36
PPH,66.99
PPL,36.08
PQG,16.43
PRA,32.44
PRAA,37.73
PRAH,107.14
PRCP,6.03
PRDO,17.92
PRF,128.4
PRFT,52.52
PRFZ,135.33
PRGO,59.03
PRGS,45.91
PRGX,3.94
PRI,124.12
PRIM,21.9
PRK,100.2
PRLB,99.02
PRMW,15.34
PRNB,69.01
PRO,60.02
PRQR,8.31
PRSC,66.41
PRSP,24.4
PRTA,13.13
PRTK,3.63
PRTY,2.83
PRU,95.33
PRVB,14.94
PS,19.73
PSA,224.03
PSB,170.76
PSCH,136.4
PSEC,6.58
PSL,74.19
PSMT,62.68
PSN,42.58
PSNL,11.29
PSO,7.55
PSQ,22.66
PST,18.23
PSTG,18.87
PSTI,3.78
PSX,90.22
PSXP,60.89
PTC,85.82
PTCT,54.94
PTE,3.09
PTEN,7.05
PTF,83.34
PTH,95.41
PTI,1.73
PTLA,13.7
PTLC,34.7
PTMN,2.33
PTON,29
PTR,44.99
PTVCB,15.86
PUK,37.6
PUMP,9.56
PVAC,21.27
PVG,10.16
PVH,88.88
PVL,1.87
PWFL,7.52
PWR,39.11
PXD,140.44
PXH,21.29
PXI,24.03
PXJ,4.49
PXLW,4.18
PYPL,119.89
PYX,6.81
PZN,8.25
PZZA,65.75
QABA,50.2
QADA,50.14
QCOM,90.61
QCRH,42.73
QD,2.85
QDEL,77.71
QEP,2.97
QGEN,35.75
QHC,1.16
QID,19.94
QIWI,19.11
QLD,142.05
QLYS,88.71
QNST,14.82
QQEW,77.6
QQQ,230.19
QQQE,57.8
QRTEA,8.45
QRVO,109.77
QSR,63.15
QTEC,106.48
QTNT,7.62
QTS,58.42
QTT,5.38
QTWO,85.91
QUAD,5.08
QUAL,104.42
QUIK,6.9
QUOT,10.51
QURE,62.44
R,50.34
RACE,168.8
RAD,12.62
RADA,5.97
RAIL,1.62
RAMP,44.44
RARE,59.96
RARX,46.43
RAVE,1.58
RAVN,31.62
RBA,43.4
RBBN,2.98
RBC,85.85
RBCAA,42.63
RBS,5.83
RCI,50.22
RCII,27.78
RCKT,22.72
RCL,116.67
RCM,13.09
RCMT,2.73
RCUS,11.33
RDFN,25.79
RDHL,5.06
RDI,10.44
RDN,24.87
RDNT,22.45
RDUS,19.35
RDWR,26.37
RDY,44.82
RE,280.45
REAL,14.5
RECN,15.25
REDU,6.45
REED,1.08
REFR,3.43
REG,63.51
REGI,28.14
REGL,61.02
REGN,389.85
REI,2.21
REK,12.48
RELL,5.01
REM,47.13
REMX,12.77
RENN,1.71
REPH,17.7
RES,4.12
RESI,11.11
RESN,2.2
RETA,224.3
RETL,25.32
REV,22.16
REVG,10.5
REW,10.39
REXR,49.5
REZ,78.86
REZI,10.38
RF,16.35
RFIL,6.59
RFP,3.21
RGA,153.44
RGEN,100.62
RGLD,108.76
RGNX,49.75
RGR,52.45
RGS,14.86
RH,218.65
RHI,60.07
RHP,88.35
RICK,18
RIG,4.83
RIGL,2.42
RILY,26.77
RING,23.19
RIO,55.38
RIOT,1.43
RJA,5.41
RJF,94.41
RJI,5
RJN,2.54
RL,121.42
RLGT,4.99
RLGY,12.11
RLH,2.89
RLI,96.63
RLJ,16.24
RLMD,41.99
RM,26.75
RMAX,39.79
RMBS,16.7
RMD,170.51
RMTI,2.12
RNET,4.2
RNG,205.16
RNR,196.34
RNST,33.06
RNWK,1.31
ROAD,17.57
ROBO,43.36
ROCK,54.52
ROG,118.53
ROIC,17.01
ROK,205.03
ROKU,126.16
ROL,39.33
ROLL,181.39
ROM,190
ROP,385.04
ROST,118.19
RP,60.3
RPAI,12.39
RPD,61.2
RPG,132.67
RPM,75.22
RPT,14.53
RPV,67.85
RRC,3.26
RRD,2.69
RRGB,34.7
RRR,26.76
RS,118.59
RSG,96.6
RSP,117.64
RST,19.15
RSX,25.1
RTH,123.27
RTIX,4.17
RTLR,15.07
RTN,228.53
RTRX,16.93
RTW,0.4
RUBI,10.13
RUN,19.13
RUSHA,44.09
RUSL,69.23
RUSS,6.48
RUTH,21.01
RVLV,18.51
RVNC,26.25
RVSB,7.15
RWJ,64.92
RWK,63.76
RWL,58.93
RWM,36.63
RWO,52.29
RWR,104.2
RWX,38.99
RXL,131.68
RXN,34.39
RY,80.92
RYAAY,92.52
RYAM,3.24
RYB,5.49
RYH,228.27
RYI,10.25
RYN,29.61
RYTM,18.1
S,4.71
SA,13.34
SAA,108.15
SABR,22.55
SAFE,49.62
SAFM,135.79
SAFT,93.77
SAGE,68.3
SAH,32.41
SAIA,100.2
SAIC,95.93
SAIL,25.72
SALM,1.37
SALT,3.66
SAM,366.96
SAN,4.18
SAND,6.79
SANM,31.41
SANW,2.18
SAP,136.49
SASR,35.87
SATS,39.41
SAVA,8.25
SAVE,42.8
SB,1.31
SBAC,256.5
SBBP,3.45
SBCF,28.32
SBGI,31.07
SBGL,9.76
SBH,13.5
SBIO,42.56
SBLK,8.17
SBNY,143.77
SBRA,21.69
SBS,14.94
SBSI,36.89
SBUX,86.15
SC,26.64
SCCO,39.59
SCHA,76.16
SCHB,79.68
SCHC,34.09
SCHD,58.98
SCHE,26.78
SCHF,33.75
SCHG,99.46
SCHH,46.99
SCHL,35.37
SCHM,61.23
SCHN,17.3
SCHV,60.6
SCHW,47.83
SCHX,79.84
SCI,47.2
SCIF,34.77
SCJ,73.25
SCL,103.18
SCM,14.57
SCO,16.85
SCOR,4.13
SCPL,10.71
SCS,19.32
SCSC,31.79
SCU,26.39
SCVL,36.49
SCWX,16
SCYX,0.8717
SCZ,61.43
SD,2.79
SDC,14.15
SDIV,17.27
SDOW,34.61
SDRL,1.52
SDS,23.08
SDY,108.12
SE,45.72
SEA,8.38
SEAC,4.31
SEAS,35.12
SECO,6.1
SEDG,103.94
SEE,37.48
SEF,18.78
SEIC,68.71
SELB,4.39
SEM,23.87
SENS,0.8894
SERV,35.54
SESN,0.9661
SF,68.03
SFBS,39.48
SFE,10.3
SFIX,24.05
SFL,13.34
SFM,15.12
SFNC,25.27
SFUN,2.61
SGC,11.53
SGEN,118.64
SGG,46.39
SGH,31.85
SGMO,7.72
SGMS,28.88
SGOL,15.08
SGRY,17.97
SGU,9.23
SH,23.15
SHAK,73.32
SHEN,42.7
SHLO,3.46
SHLX,20.44
SHO,13.27
SHOO,39.07
SHOP,472.98
SHW,581.9
SHY,84.83
SHYG,46.52
SID,3.04
SIEB,7.14
SIEN,6.37
SIG,26.53
SIGA,5
SIGI,68.08
SIL,31.24
SILJ,10.98
SILK,47.03
SILV,6.21
SIMO,48.94
SINA,40.58
SIRI,7.19
SITC,13.02
SITE,101.32
SIVB,262.09
SIVR,17.27
SIX,38.42
SIZE,99.53
SJB,20.45
SJI,32.08
SJM,107.77
SJNK,26.97
SJR,19.86
SJT,2.37
SJW,72.89
SKF,13.07
SKM,21.46
SKT,13.76
SKX,37.97
SKY,29.06
SKYW,57.07
SKYY,66.49
SLAB,104.82
SLB,34.51
SLCA,5.92
SLDB,3.46
SLF,47.94
SLG,94.25
SLGN,31.54
SLM,11.24
SLP,35.08
SLRC,21.12
SLV,16.63
SLX,35.42
SM,9.47
SMAR,48.55
SMDV,61.76
SMED,5.28
SMFG,7.23
SMG,123.06
SMH,146.9
SMHI,9.36
SMLP,2.89
SMMT,1.68
SMN,24.07
SMOG,83.32
SMP,51.84
SMPL,23.84
SMRT,0.888
SMSI,6.17
SMTC,51.33
SMTX,3.42
SNA,160.06
SNAP,17
SNBR,54.99
SNCR,5.36
SND,1.95
SNDL,1.29
SNDR,23.13
SNDX,9.9
SNE,71.55
SNN,48.81
SNP,54.51
SNPS,154.77
SNR,7.79
SNSS,0.749
SNV,36.47
SNX,142.46
SNY,51.66
SO,68.84
SOCL,36.8
SOGO,4.31
SOHU,11
SOI,11.94
SOL,1.36
SOLO,2.2
SON,59.02
SONO,15.76
SORL,4.54
SOXL,294.79
SOXS,18.34
SOXX,259.45
SOYB,14.76
SP,43.7
SPAR,18.57
SPB,59.1
SPCE,18.52
SPDN,23.59
SPDW,31.42
SPEM,36.68
SPEU,36.4
SPG,140.86
SPGI,295.52
SPH,21.97
SPHB,47.2
SPHD,43
SPHQ,37.72
SPKE,9.8
SPLG,39.28
SPLK,162.67
SPLV,60.82
SPNE,15.5
SPNS,24.62
SPOK,10.38
SPOT,154.37
SPPI,2.85
SPR,70.07
SPRO,9.72
SPRT,1.24
SPSC,58.96
SPSM,32.51
SPTM,41.25
SPTN,12.46
SPWH,6.37
SPWR,9.79
SPXC,50.73
SPXL,73.13
SPXS,11.82
SPXU,17.88
SPY,333.98
SPYG,44.66
SPYV,35.13
SQ,78.51
SQBG,0.3101
SQM,30.3
SQQQ,17.46
SR,86.19
SRAX,2.27
SRC,53.71
SRCE,48.28
SRCI,4
SRCL,65.69
SRDX,42.1
SRE,160.5
SRG,38.38
SRI,28.63
SRL,10.27
SRLP,16.24
SRNE,3.29
SRPT,121.69
SRRA,13.46
SRS,17.36
SRT,7.82
SRTY,17.44
SSB,80.31
SSD,86.71
SSI,1.25
SSL,16.1
SSNC,63.92
SSO,161.72
SSP,13.49
SSRM,17.9
SSSS,6.91
SSTK,44.57
SSW,12.17
SSYS,18.98
ST,48.15
STAA,36.71
STAG,32.58
STAR,15.21
STAY,13.13
STBA,38.91
STC,40.8
STCN,1.46
STE,154.25
STFC,31.41
STKL,2.92
STL,20.62
STLD,29.45
STM,29.94
STML,6.79
STMP,81.65
STNE,41.59
STNG,22.56
STON,1.13
STOR,39.77
STRA,162.3
STRL,13.5
STT,80.27
STWD,26.05
STX,55.16
STZ,199.8
SU,29.69
SUI,161.51
SUM,24.59
SUN,31.35
SUNW,0.8889
SUP,3.16
SUPN,23.97
SUPV,3.14
SVC,22.57
SVMK,18.51
SVRA,2.28
SVVC,6.63
SVXY,66.53
SWAV,44.98
SWCH,16.27
SWI,19.09
SWIR,9.89
SWK,166.12
SWKS,117.68
SWM,35.88
SWN,1.7
SWX,77.01
SXC,6.14
SXI,71.33
SXT,62.1
SY,13.34
SYBX,2.45
SYF,33.19
SYK,218.24
SYKE,34.87
SYNA,70.1
SYNC,1.56
SYNH,62.68
SYNL,12.6
SYRS,7.34
SYX,24.43
SYY,76.62
T,38.44
TA,16.97
TACO,7.63
TACT,10.27
TAK,20.31
TAL,55.02
TALO,19.08
TAN,35.14
TAO,25.3
TAP,57.5
TARO,77.15
TAST,4.83
TBBK,12.6
TBF,18.59
TBI,17.07
TBK,42.17
TBNK,29.98
TBPH,30.77
TBT,23.82
TCBI,57.33
TCBK,37.92
TCF,43.37
TCMD,61.21
TCO,35.24
TCOM,34.07
TCP,40.09
TCRD,6.62
TCRR,15.4
TCS,4.14
TCX,62.6
TD,56.93
TDC,25.38
TDG,633.78
TDIV,45.67
TDOC,108.74
TDS,24.13
TDW,16
TDY,380.82
TEAM,147.94
TECD,144.11
TECH,204.35
TECK,13.84
TECL,314.32
TECS,5.32
TEF,6.82
TEL,94.63
TELL,7.07
TEN,10.31
TENB,27.97
TEO,11.94
TER,71.37
TERP,19.27
TEUM,0.6448
TEVA,12.12
TEX,26.8
TFC,54.18
TFI,51.38
TFSL,21.42
TFX,381.41
TG,20.87
TGE,22.3
TGH,9.66
TGI,24.34
TGNA,17.42
TGP,13.05
TGS,6.27
TGT,115.14
TGTX,15.83
THC,33.32
THCX,12
THD,80.86
THFF,42.68
THG,138.7
THO,83.06
THOR,67.99
THR,22.04
THRM,47.97
THS,45.26
TIF,134.12
TILE,16.7
TIP,118.01
TISI,14.01
TITN,12.4
TIVO,7.13
TJX,61.82
TK,3.43
TKC,5.96
TKR,55.78
TLH,149.4
TLND,35.76
TLRA,10.91
TLRD,4.01
TLRY,17.78
TLT,142.65
TLYS,8.77
TM,143.85
TME,13.84
TMF,30.05
TMHC,26.5
TMO,332
TMP,88.94
TMQ,2.33
TMST,6.55
TMUS,82.77
TMV,10.05
TNA,72.74
TNAV,4.74
TNC,80.27
TNDM,75
TNET,58.02
TNK,15.17
TNP,2.9
TOCA,0.4912
TOL,47.27
TOO,1.55
TORC,1.4
TOT,50.17
TOUR,1.98
TOWN,27.67
TPB,22.06
TPC,11.21
TPCO,12.52
TPH,16.85
TPIC,21.29
TPR,29
TPRE,11.36
TPTX,63.85
TPVG,13.65
TPX,92.65
TQQQ,108.42
TR,33.64
TRC,16.42
TREC,6.75
TREE,317.27
TREX,101.99
TRGP,37.91
TRHC,62.22
TRI,81.87
TRIB,1.14
TRIL,3.72
TRIP,29.21
TRMB,44.55
TRMK,32.69
TRN,21.35
TRNO,58.1
TROW,137.77
TROX,8.46
TRP,55.04
TRQ,0.6905
TRS,28.88
TRST,8.01
TRTN,38.28
TRTX,20.77
TRU,94.96
TRUP,33.47
TRV,136.5
TRVG,2.75
TRVN,0.8526
TRWH,26.53
TRX,0.5452
TRXC,1.27
TS,20.97
TSCO,96.59
TSE,30.22
TSEM,23.76
TSG,23.3
TSLA,748.96
TSLX,22.06
TSM,58.02
TSN,79.77
TSQ,10.12
TSU,19.53
TTC,81.96
TTD,288.71
TTEC,41.39
TTEK,92.72
TTGT,26.55
TTI,1.45
TTM,12.36
TTMI,14.91
TTNP,0.2511
TTOO,0.8671
TTT,13.97
TTWO,127.74
TU,40.67
TUES,1.44
TUFN,14.71
TUP,6.42
TUR,28.41
TUSK,1.45
TV,10.8
TVTY,22.88
TW,44.85
TWI,2.87
TWIN,9.92
TWLO,117.87
TWM,12.32
TWNK,13.24
TWO,15.42
TWOU,22.74
TWTR,38.41
TX,22.05
TXG,91.19
TXMD,2.42
TXN,132.52
TXRH,63.72
TXT,50.68
TYD,54.53
TYL,333.01
TYME,1.38
TYO,10.36
TZA,34.23
TZOO,10.07
UA,18.4
UAA,20.67
UAL,80.5
UAN,2.63
UBA,23.7
UBER,37.09
UBIO,33.75
UBS,12.87
UBSI,34.91
UBT,104.78
UBX,6.47
UCBI,29.09
UCFC,10.93
UCO,14.28
UCTT,24.69
UDOW,134.64
UDR,48.63
UE,19.02
UEC,0.8494
UEIC,48.59
UEPS,4.31
UFCS,46.22
UFI,22.4
UFPI,50.09
UFS,36.31
UGA,28.4
UGI,42.76
UGL,51.8
UGP,5.83
UHS,141.08
UHT,126.4
UI,170.64
UIHC,11.04
UIS,16.2
UL,60.96
ULBI,7.65
ULTA,293.05
UMBF,69.24
UMC,2.72
UMDD,123.91
UMH,16.51
UMPQ,17.6
UN,59.96
UNF,203.94
UNFI,7.76
UNG,14.56
UNH,292.46
UNIT,7.23
UNL,7.64
UNM,29.45
UNP,186.11
UNT,0.327
UNVR,22.41
UPLD,39.01
UPRO,77.42
UPS,106.51
UPWK,9.34
URA,10.73
URBN,26.56
URE,92.7
URGN,29.98
URI,152.61
URTH,101.3
URTY,86.37
USAC,15.61
USAK,5.31
USB,54.8
USCR,38.95
USD,67.46
USDU,27.2
USFD,40.01
USHY,41.25
USIG,59.22
USL,20.37
USM,34.1
USMC,32.58
USMV,68.57
USNA,80.71
USO,10.74
USPH,121.95
UST,65.1
USX,6.27
UTHR,101.44
UTI,7.84
UTL,62.57
UTSI,2.7
UTSL,54.22
UTX,156.2
UUP,26.6
UUUU,1.66
UVE,25.53
UVSP,25.42
UVV,50.72
UVXY,11.39
UWM,77.77
UXIN,2.25
UYG,55.91
UYM,59.63
V,203.04
VAC,122.45
VAL,5.32
VALE,12.4
VAR,142.46
VAW,132.12
VB,167.77
VBIV,1.52
VBK,204.85
VBR,136.76
VBTX,28.76
VC,82.53
VCEL,17.28
VCIT,92.66
VCLT,104.35
VCR,197.51
VCRA,23.17
VCYT,26.2
VDC,163.21
VDE,73.06
VEA,44.15
VEC,58.34
VECO,14.68
VEDL,8.14
VEEV,151.11
VEON,2.61
VER,9.8
VERI,2.41
VERU,4.28
VET,14.55
VEU,53.67
VFC,84.08
VFF,5.51
VFH,77.1
VG,9.19
VGK,58.43
VGR,13.55
VGT,267.48
VHC,4.46
VHT,195.89
VIAC,34.6
VIACA,38.4
VIAV,14.82
VICI,27.15
VICR,53.57
VIG,129.41
VIIX,29.89
VIPS,13.86
VIRT,16.7
VIS,158.59
VIV,13.95
VIVO,8.39
VIXM,19.88
VIXY,11.58
VJET,1.84
VKTX,6.69
VLO,83.27
VLRS,12.97
VLUE,90.3
VLY,11.01
VMC,147.03
VMI,147.38
VMW,157.5
VNDA,13.51
VNE,14.82
VNET,12.72
VNO,66.69
VNOM,23.19
VNQ,95.59
VNQI,58.24
VNTR,2.98
VO,183.28
VOC,4.26
VOD,19.56
VOE,120.75
VOLT,2.45
VONV,120.97
VOO,306.89
VOT,165.93
VOX,97.78
VOXX,4.11
VOYA,62.46
VPG,34.3
VPL,69.82
VPU,151.6
VRA,9.84
VRAY,3.25
VREX,28.92
VRNS,88.95
VRNT,57.82
VRRM,16.49
VRS,18.11
VRSK,168.95
VRSN,216.94
VRTU,45.55
VRTV,14.39
VRTX,239.12
VSAT,66.53
VSH,20.89
VSLR,9.27
VSS,109.51
VST,21.72
VSTM,2.05
VSTO,9.42
VT,82.49
VTI,169.68
VTNR,1.44
VTR,58.86
VTV,120.76
VTWO,134.14
VUG,195.82
VUZI,1.84
VV,153.84
VVI,66.65
VVUS,3.12
VVV,23.2
VWO,43.54
VXF,129.6
VXUS,55.48
VXX,14.09
VXZ,16.56
VYGR,13.62
VYM,94.2
VZ,59.44
W,100.31
WAB,80.17
WABC,66.16
WAFD,34.68
WAIR,11.04
WAL,57.42
WASH,48.91
WAT,220.09
WATT,1.8
WB,45.28
WBA,53.49
WBAI,6.42
WBC,135.95
WBS,48.01
WBT,15.07
WCC,49.22
WCG,349.92
WCN,100.23
WD,76
WDAY,187.5
WDC,68.7
WDFC,192
WDR,17.22
WEAT,5.72
WEC,99.9
WELL,84.67
WEN,21.9
WERN,39.59
WES,16.49
WETF,4.42
WEX,219.54
WFC,47.98
WGO,59.34
WH,59.49
WHD,29.51
WHG,29.27
WHR,153.06
WIFI,11.79
WING,93.31
WIRE,56.37
WIT,3.75
WIX,147.07
WK,46.34
WKHS,3.05
WLDN,35.16
WLH,24.37
WLK,64.32
WLKP,22.67
WLL,4.36
WLTW,208.9
WM,123.74
WMB,21.44
WMC,10.73
WMGI,30.21
WMK,38.75
WMS,46.44
WMT,116.31
WNC,12.11
WNEB,9.2
WNS,73.41
WOOD,64.32
WOR,39
WORK,22.65
WOW,7.52
WPC,85
WPG,3.25
WPM,29.07
WPP,62.86
WPRT,2.6
WPS,39.16
WPX,12.33
WRB,77.18
WRE,31.15
WRI,30.16
WRK,41.67
WRLD,81.71
WRTC,6.78
WSBC,34.76
WSBF,17.89
WSC,19.55
WSFS,41.82
WSM,72.02
WSO,175.75
WSR,13.44
WST,160.38
WTBA,23.89
WTFC,64.72
WTI,4.13
WTR,51.94
WTRH,0.3138
WTS,103.11
WTTR,7.01
WU,27.97
WUBA,60.08
WVE,7.67
WW,35.5
WWD,117.95
WWE,44.5
WWW,32.57
WY,28.65
WYND,48.4
WYNN,134.19
X,9.44
XAR,117.11
XBI,96.15
XBIT,21.76
XEC,43.71
XEL,69.3
XENE,14.75
XENT,26.5
XERS,6.16
XES,6.71
XHB,48.23
XHE,88.24
XHR,19.41
XIN,3.29
XLB,60.96
XLC,55.9
XLE,54.36
XLF,31.03
XLI,84.26
XLK,100.61
XLNX,87.72
XLP,64.18
XLRE,39.92
XLRN,94.51
XLU,68.81
XLV,103.85
XLY,128.87
XME,26.69
XMLV,54.7
XNCR,36.16
XNET,4.23
XOG,1.46
XOM,61.88
XON,4.65
XONE,6.99
XOP,19.56
XP,38.3
XPEL,16.81
XPER,15.72
XPH,47.44
XPO,93.22
XPP,60.86
XRAY,57.6
XRF,1.52
XRT,44.57
XRX,37.68
XSD,107.61
XT,44.37
XXII,0.9318
XYL,83.12
Y,821.25
YANG,43.21
YCBD,1.2
YCL,54.28
YCS,78.46
YELP,34.12
YETI,36.59
YEXT,15.94
YGYI,1.52
YINN,18.63
YNDX,48.2
YOLO,11.62
YORW,48.1
YPF,9.85
YRCW,2.44
YRD,4.31
YUM,103.74
YUMC,43.73
YXI,18.63
YY,64.17
Z,50.15
ZAGG,7.38
ZAYO,34.91
ZBH,159.01
ZBIO,8.62
ZBRA,252.09
ZEN,86.81
ZEUS,14.74
ZFGN,1.23
ZG,50.04
ZGNX,52.62
ZION,47.01
ZIOP,3.31
ZIXI,7.42
ZLAB,54.2
ZM,87.26
ZN,0.293
ZNGA,6.71
ZNH,29.75
ZROZ,144.12
ZS,58.4
ZSL,26.78
ZTO,23.64
ZTS,138.97
ZUMZ,32.55
ZUO,15.84
ZVO,1.7
ZYME,45.3
ZYNE,5.13
ZYXI,9.62
